ES,V,Label,Support,Single
2.73205,1.2,Client 1,10,0
1.94711,0.98,Client 2,8,0
0.14554,0.1,Client 3,2,1
2.50607,1.7,Client 4,10,0
1.88423,0.89,Client 5,8,0
0.93321,0.4,Client 6,5,1
1.73454,1.3,Client 7,8,1
0.32298,0.8,Client 8,1,1
2.245,0.92,Client 9,9,0
0.8234,0.6,Client 10,4,1
0.2,0.2,Client 11,1,1
0.5,0.39,Client 12,2,1
2.5,1,Client 13,8,1
0.1,0.1,Client 14,1,1