napES,napSE,napCIL,napCIU,Label
0.9,0.09486833,0.325296998,0.993063391,Student 1
0.857142857,0.132260014,0.450043625,0.974754852,Student 2
0.520833333,0.18453481,0.20665648,0.818275962,Student 3
0.933333333,0.094280904,0.495078574,0.994205987,Student 4
0.5,0.176776695,0.115714748,0.884285252,Student 5
0.854166667,0.119904838,0.455928773,0.972884636,Student 6
0.958333333,0.060739082,0.561816333,0.99710929,Student 7